Cidade,Estado
Leebury,Louisiana
Andrewbury,Oregon
Krististad,Ohio
Barrborough,Virginia
Marytown,Florida
Lake Juan,Alabama
Greeneville,Louisiana
Flemingfort,Kentucky
New Henry,Tennessee
Walshstad,Virginia
West Kevinburgh,Virginia
South Traceyborough,Pennsylvania
Patricialand,North Carolina
Barnestown,Missouri
South Lisa,Vermont
Thomasville,Texas
New Audrey,Arizona
East George,Tennessee
East Nicolemouth,Kansas
Gabrielhaven,South Dakota
New Christineborough,Washington
Baldwinshire,Tennessee
Websterville,Georgia
North Raymond,Delaware
North Bradshire,Delaware
Kelseyville,Tennessee
Kevinchester,Washington
Port Vickistad,Virginia
Carterchester,Texas
New Kimberly,New York
Barkerfurt,South Carolina
North Ryan,Indiana
Lake Lauren,Texas
Isabellaberg,Florida
North Calvinhaven,Florida
Lake Rita,Vermont
Dixonton,Iowa
Danieltown,Rhode Island
Weavermouth,Louisiana
Port Jodyton,Alaska
North Ronald,South Dakota
Brianborough,North Carolina
Mitchellstad,Vermont
Jeffreymouth,Delaware
Smithland,Michigan
Gomezmouth,Missouri
Kimberlystad,Rhode Island
East Kellyburgh,South Carolina
East Jenniferborough,Iowa
East Parkershire,Alabama
West Rebecca,Hawaii
Hamiltonton,Texas
Rosalesborough,Massachusetts
New Jacqueline,Montana
Port Carol,Tennessee
Johntown,Colorado
Acostaton,South Dakota
East Alyssa,California
South Jenniferport,Iowa
Andrewberg,Kentucky
Lawrenceville,Virginia
East Heatherborough,Kansas
East Michelle,Colorado
Lake Heatherburgh,Rhode Island
Lake Amy,Idaho
Port Jackiefurt,Montana
East Stephanie,Alabama
New Gabrielberg,Michigan
North Patricia,Indiana
Port Michelleton,Washington
Smithport,Maryland
South Madisonborough,Michigan
New Michellefurt,Montana
Stacyport,Rhode Island
Port Edwin,Iowa
North Kevin,Minnesota
Christopherland,Missouri
North Mary,Idaho
South Chad,Virginia
Port Pamelaton,New Jersey
West Elizabethbury,Louisiana
Fernandeztown,Pennsylvania
Port Michelle,Indiana
Michaelberg,California
Margaretland,Alaska
Whitefort,Missouri
North Jerryfurt,Vermont
West Joystad,Vermont
Lake Susan,Louisiana
Davidhaven,Virginia
Port Heather,Pennsylvania
Chapmanstad,Texas
Bryanburgh,Massachusetts
Stephenport,Idaho
Port Samanthamouth,Hawaii
North Danielle,Alabama
Williamstad,Florida
South Marieberg,Louisiana
Christopherview,Idaho
Juanfort,Virginia
Port Anna,Texas
Greenebury,Vermont
New Anthony,Utah
South Shannontown,Alabama
Vincentton,Wisconsin
Valenciatown,Maine
East Rose,South Carolina
Matthewview,Colorado
Thomasview,Indiana
North Blake,Mississippi
Port Amberhaven,Indiana
Barrmouth,Delaware
Dianaport,Virginia
Dawsonstad,California
North Susan,North Carolina
Toddstad,Idaho
Mariaview,Alabama
Gordonborough,Oregon
South William,Iowa
Robertstad,Rhode Island
Lake Kyle,California
Garyview,Louisiana
Onealport,New York
North Stevenmouth,Iowa
Nunezview,Ohio
Port Jane,Vermont
Harrishaven,Oregon
Sandrahaven,South Carolina
North Anthony,Florida
Port Kayla,New Hampshire
Port Robert,Arizona
Amyberg,Rhode Island
Sarahton,North Dakota
Sarabury,Wisconsin
Joshuashire,South Carolina
Perezmouth,Oregon
Pattonchester,Nevada
Rodriguezland,Texas
North Brianport,Kentucky
Jenkinsmouth,Wyoming
New Jesse,Wisconsin
East James,Delaware
Orrborough,Michigan
West Brian,Idaho
Villegaston,Texas
East Christophermouth,South Dakota
West Shelbychester,Louisiana
New Jeffreyborough,California
Smithchester,Missouri
Adamschester,South Carolina
Brookehaven,Vermont
East Christianberg,Indiana
Port Michael,Vermont
East Robert,Kentucky
Virginiamouth,Louisiana
New Morganberg,Florida
Dixonborough,Texas
Lake Danielle,Florida
Gonzalezbury,Wisconsin
Port Joelshire,Oregon
Jessicaville,Vermont
South David,Pennsylvania
Port William,Montana
Calvinport,North Carolina
North Larryville,Washington
Evelynstad,Tennessee
Staceyport,Vermont
New Jessica,Rhode Island
Lake Margaretborough,Utah
Josephmouth,Florida
New Amy,Rhode Island
Larsonfurt,Washington
Jacobville,Louisiana
Landryfurt,Alabama
South Stephenhaven,Iowa
Jeanetteland,Alabama
East Ashleyburgh,Washington
Ashleyberg,Colorado
Karenberg,Hawaii
West Dustinport,Missouri
Patrickhaven,Delaware
South John,Rhode Island
Dorisport,Iowa
Daisyfurt,Florida
Lake Williamfurt,Georgia
Thomasview,Maryland
Marystad,Wyoming
Cookview,Ohio
South Anthonyland,Virginia
Port Makayla,Rhode Island
North Josephhaven,Florida
New James,South Dakota
Moralesfurt,New Hampshire
New Lisafurt,Kentucky
New Tracy,Virginia
Stricklandton,Louisiana
Samuelview,Alabama
East Amy,Pennsylvania
Chenhaven,Iowa
Lynchstad,Colorado
Lake Jennifer,Louisiana
Whitestad,Vermont
Port Peterport,Wyoming
New Derek,Missouri
West Amanda,Ohio
Port Melissaland,Tennessee
North Jessica,Delaware
Serranoshire,Minnesota
Martinborough,Kentucky
Crystaltown,Rhode Island
North Kevin,Iowa
Johnsonberg,Louisiana
West Susan,Wisconsin
Ryanfurt,Georgia
Amberbury,Florida
West Nina,New York
Trujillomouth,Delaware
East Bethany,Georgia
Port John,Alabama
West Zachary,Tennessee
West Charleston,Iowa
East Frank,Iowa
Katherinechester,Vermont
New Gregorybury,Nevada
Susanberg,Missouri
South Kimberlyfurt,Minnesota
New Cherylview,Pennsylvania
Michelleland,Washington
Jenniferhaven,Illinois
South Patricia,Alabama
Port Williamstad,Delaware
Lake Alexander,Louisiana
Joshuaburgh,Montana
Gregoryview,Indiana
East Paul,Wisconsin
Garciashire,Idaho
New Andre,Florida
Port Victor,Idaho
Port Williamfort,Missouri
South Brianfurt,Louisiana
North Cherylmouth,Idaho
Jarvisborough,Idaho
New Heatherfurt,Georgia
Hallview,Virginia
Melissaport,Vermont
Kennethhaven,Alabama
Davisburgh,Utah
South Franciscoburgh,Vermont
West Jackson,South Dakota
West Brandonmouth,Washington
West Jenniferborough,Iowa
Port Adam,Kentucky
Port Jon,Florida
Shermanbury,Hawaii
Woodshire,Iowa
East Aaron,Rhode Island
East Judytown,Texas
North Kimberly,Arizona
Atkinsshire,Utah
Higginsview,South Dakota
New Jessicaside,Kentucky
New Jorgeville,New York
East Patrick,Louisiana
Medinatown,Pennsylvania
Coxton,North Carolina
Leeside,Iowa
South Henry,South Carolina
Shanemouth,Texas
Allenberg,Wisconsin
Port Christopherside,Minnesota
Christinestad,Delaware
Toddton,Kansas
Thompsonton,Missouri
Foxchester,Alaska
Carrollfurt,Kansas
North Jessica,Delaware
East Andrew,Alaska
Kevinshire,South Carolina
North Morgan,Alaska
Port Michael,West Virginia
Alexandraborough,South Dakota
South Jennifer,Alaska
Ramosfort,West Virginia
Norrisside,Alabama
Garciatown,Montana
East Nicoleland,Florida
South Suzannehaven,Pennsylvania
Hernandezview,Michigan
Hickschester,Louisiana
Mariashire,Florida
Andersonfort,California
Port Robertburgh,New York
Hernandezside,Vermont
Angelachester,South Dakota
Kellyborough,Iowa
West Kellyborough,Indiana
Sheltonstad,Arkansas
Davidburgh,North Carolina
Bauerbury,North Dakota
South Melindabury,Alabama
