Empresa,Cidade,Estado,Pais
Terrell Group,South Marieberg,Louisiana,Brasil
Martin PLC,New Gabrielberg,Michigan,China
"Bennett, Acevedo and Rogers",Gonzalezbury,Wisconsin,França
Fuller-Lopez,Port Vickistad,Virginia,México
Ward-Bruce,New Tracy,Virginia,México
Cross LLC,West Shelbychester,Louisiana,Brasil
Rivera-Graham,Chapmanstad,Texas,Nigéria
"Cantrell, Martin and Preston",Orrborough,Michigan,China
"Morris, Serrano and Lewis",South Madisonborough,Michigan,China
Lambert-Kelley,Mariashire,Florida,Japão
Stuart-Camacho,South David,Pennsylvania,África do Sul
Bailey Ltd,Johnsonberg,Louisiana,Brasil
Martin-Anderson,Toddstad,Idaho,China
Gomez-Gonzalez,Williamstad,Florida,Japão
"Huynh, Black and Barajas",Jenkinsmouth,Wyoming,Nova Zelândia
Holmes-Kennedy,New Anthony,Utah,Canadá
Swanson and Sons,Port Heather,Pennsylvania,África do Sul
Lopez Ltd,East Christianberg,Indiana,Espanha
"Gomez, Diaz and Williams",Sarahton,North Dakota,Espanha
Miller-Owens,South Kimberlyfurt,Minnesota,China
Oneill-Scott,Perezmouth,Oregon,Argentina
"Singleton, Brown and Lawrence",East Kellyburgh,South Carolina,Nova Zelândia
Woods-Munoz,West Jenniferborough,Iowa,Austrália
Young-Fuentes,South John,Rhode Island,México
"Smith, Mckinney and Hoover",Sheltonstad,Arkansas,Canadá
Robinson-Valentine,Marystad,Wyoming,Nova Zelândia
Davies-Le,Karenberg,Hawaii,Espanha
Jones-Boyd,Shanemouth,Texas,Nigéria
Kelley-Grant,Port Williamstad,Delaware,Brasil
Owens-May,West Joystad,Vermont,Índia
"Anderson, Roth and Holden",East Nicolemouth,Kansas,Egito
Sims Ltd,South Melindabury,Alabama,Nigéria
Hernandez-Fox,East Amy,Pennsylvania,África do Sul
West-Bryant,Port Pamelaton,New Jersey,Alemanha
"Wells, Robles and Johnson",North Jessica,Delaware,Brasil
Sanders LLC,Port Robertburgh,New York,Chile
Houston-Hernandez,Matthewview,Colorado,Nigéria
Mcdaniel-Key,Katherinechester,Vermont,Índia
Hale-Dean,Ashleyberg,Colorado,Nigéria
Simpson-Martin,New Jeffreyborough,California,Coreia do Sul
Walker and Sons,East Rose,South Carolina,Nova Zelândia
Wright-Miller,Jeanetteland,Alabama,Nigéria
Lutz-Welch,North Kimberly,Arizona,Egito
"Lee, Jackson and Patel",Ramosfort,West Virginia,França
White-Johnson,Rodriguezland,Texas,Nigéria
Ward and Sons,Kimberlystad,Rhode Island,México
Solomon-Miller,East Patrick,Louisiana,Brasil
"Nguyen, Frazier and Young",Matthewview,Colorado,Nigéria
Shaffer Ltd,Sarahton,North Dakota,Espanha
"Francis, Bell and Foster",Barrmouth,Delaware,Brasil
Ward LLC,South Brianfurt,Louisiana,Brasil
Smith-Davis,Sarabury,Wisconsin,França
Roberts Ltd,New Audrey,Arizona,Egito
Byrd-Smith,Andrewberg,Kentucky,Nova Zelândia
Morris-Clark,Coxton,North Carolina,Austrália
Jones-Woods,North Danielle,Alabama,Nigéria
Torres-Rivera,Hallview,Virginia,México
Mann Inc,South Madisonborough,Michigan,China
Mullins-Zimmerman,South Brianfurt,Louisiana,Brasil
Walsh Group,Evelynstad,Tennessee,Reino Unido
Stevenson PLC,North Josephhaven,Florida,Japão
Williams LLC,Hickschester,Louisiana,Brasil
Kennedy Ltd,New Lisafurt,Kentucky,Nova Zelândia
Edwards Inc,East George,Tennessee,Reino Unido
"Smith, Guzman and Brown",Evelynstad,Tennessee,Reino Unido
Montes Inc,New Jacqueline,Montana,Espanha
Nguyen-Brewer,Daisyfurt,Florida,Japão
Wong-Weber,Marytown,Florida,Japão
Mcdonald-Boyle,Fernandeztown,Pennsylvania,África do Sul
"Smith, Reed and Figueroa",West Nina,New York,Chile
Douglas Inc,Hallview,Virginia,México
Silva PLC,Larsonfurt,Washington,Nigéria
"Rogers, Krueger and Little",Jacobville,Louisiana,Brasil
"Jacobson, Fritz and Owen",Hamiltonton,Texas,Nigéria
Jordan-Odom,North Danielle,Alabama,Nigéria
Payne Group,Daisyfurt,Florida,Japão
Dean Ltd,Dixonborough,Texas,Nigéria
"Werner, Olsen and Adams",Michaelberg,California,Coreia do Sul
Gould-Walker,South Brianfurt,Louisiana,Brasil
Cameron-Black,Port Michael,West Virginia,França
Craig-Martinez,North Danielle,Alabama,Nigéria
"Newton, Kirk and Collins",South Traceyborough,Pennsylvania,África do Sul
Thompson PLC,Susanberg,Missouri,Brasil
Hill-Young,Gregoryview,Indiana,Espanha
Webb-Potts,Kellyborough,Iowa,Austrália
Carrillo Inc,Katherinechester,Vermont,Índia
Jarvis-Rodgers,West Amanda,Ohio,Japão
"Rowland, Brock and Garcia",New Heatherfurt,Georgia,Argentina
"Leon, Wong and Lopez",Nunezview,Ohio,Japão
"Myers, Wilson and Thomas",Port Kayla,New Hampshire,África do Sul
Williamson-Powell,New James,South Dakota,Coreia do Sul
Gilbert Ltd,Jacobville,Louisiana,Brasil
Riley PLC,South Franciscoburgh,Vermont,Índia
"Garcia, Williams and Sullivan",Port Melissaland,Tennessee,Reino Unido
Scott-Flowers,East Robert,Kentucky,Nova Zelândia
Carr LLC,New Christineborough,Washington,Nigéria
"Fitzpatrick, Jones and Morgan",Robertstad,Rhode Island,México
Kelley LLC,Higginsview,South Dakota,Coreia do Sul
"Medina, Barnes and Greene",Johntown,Colorado,Nigéria
"Johnson, Allison and Acevedo",West Nina,New York,Chile
