Estado,Pais
Pennsylvania,África do Sul
Florida,Japão
Pennsylvania,Nigéria
Wyoming,Nova Zelândia
Louisiana,Brasil
Hawaii,Espanha
Idaho,China
Georgia,Argentina
Virginia,México
Massachusetts,Brasil
Iowa,Austrália
Alaska,Chile
Tennessee,Reino Unido
Colorado,Nigéria
South Carolina,Nova Zelândia
Wisconsin,França
Rhode Island,México
Hawaii,Argentina
Vermont,Índia
Tennessee,Fiji
Washington,Nigéria
Louisiana,Egito
Kentucky,Nova Zelândia
West Virginia,França
Vermont,Canadá
Texas,Nigéria
New Jersey,Alemanha
California,Coreia do Sul
Indiana,Espanha
Indiana,China
Maine,Argentina
Arkansas,Canadá
Rhode Island,China
Virginia,Nova Zelândia
Washington,Fiji
Iowa,Coreia do Sul
Rhode Island,Estados Unidos
West Virginia,Alemanha
Vermont,Reino Unido
North Carolina,Austrália
Alabama,Nigéria
Texas,Austrália
Washington,Nigéria
Minnesota,China
Texas,França
California,China
Wisconsin,África do Sul
Vermont,Nigéria
Indiana,Egito
Indiana,Austrália
Colorado,México
Missouri,Brasil
South Dakota,Coreia do Sul
Louisiana,México
Louisiana,Índia
Oregon,Argentina
Florida,Estados Unidos
New York,Chile
South Dakota,Egito
Delaware,Brasil
Virginia,Chile
Washington,Reino Unido
New Hampshire,África do Sul
Vermont,Brasil
Utah,Canadá
Alabama,Coreia do Sul
Idaho,Nigéria
Oregon,Chile
Kansas,Egito
Iowa,Nigéria
Arkansas,Argentina
South Carolina,Austrália
Kansas,Coreia do Sul
Maryland,Índia
Alaska,Estados Unidos
Montana,Espanha
Tennessee,Brasil
Rhode Island,Coreia do Sul
Missouri,Espanha
Delaware,Alemanha
Florida,Egito
New York,China
Alabama,Fiji
Nevada,Japão
Hawaii,Nova Zelândia
Idaho,Chile
Illinois,Argentina
North Dakota,Espanha
Arizona,Egito
Missouri,Reino Unido
Delaware,Fiji
Ohio,Japão
Indiana,Egito
South Dakota,Fiji
Minnesota,Alemanha
Louisiana,Nigéria
Pennsylvania,África do Sul
Alabama,Reino Unido
Michigan,China
Mississippi,Argentina
